prompt_style,hallucination_rate,severe_rate
direct,0.38333333333333336,0.13333333333333333
explain,0.36666666666666664,0.06666666666666667
fact,0.35,0.03333333333333333
