prompt_style,hallucination_rate,severe_rate
direct,0.4166666666666667,0.2
explain,0.38333333333333336,0.2
fact,0.48333333333333334,0.16666666666666666
