prompt_style,hallucination_rate,severe_rate
direct,0.3324468085106383,0.14095744680851063
explain,0.32313829787234044,0.1276595744680851
fact,0.3803191489361702,0.11436170212765957
